{
  "deployment": {
    "region": "us-east-1",
    "project_name": "codeflowops",
    "enable_blue_green": false,
    "rollback_on_failure": true
  },
  "security": {
    "enable_vpc_endpoints": true,
    "encryption_at_rest": true,
    "encryption_in_transit": true
  },
  "monitoring": {
    "enable_cloudwatch": true,
    "enable_xray": false,
    "log_level": "INFO",
    "custom_metrics_namespace": "CodeFlowOps",
    "health_check_interval_minutes": 5
  },
  "database": {
    "connection_pool_size": 10,
    "ssl_required": true,
    "proxy_enabled": false
  }
}
